"date","state","dataQualityGrade","death","deathConfirmed","deathIncrease","deathProbable","hospitalized","hospitalizedCumulative","hospitalizedCurrently","hospitalizedIncrease","inIcuCumulative","inIcuCurrently","negative","negativeIncrease","negativeTestsAntibody","negativeTestsPeopleAntibody","negativeTestsViral","onVentilatorCumulative","onVentilatorCurrently","pending","positive","positiveCasesViral","positiveIncrease","positiveScore","positiveTestsAntibody","positiveTestsAntigen","positiveTestsPeopleAntibody","positiveTestsPeopleAntigen","positiveTestsViral","recovered","totalTestEncountersViral","totalTestEncountersViralIncrease","totalTestResults","totalTestResultsIncrease","totalTestsAntibody","totalTestsAntigen","totalTestsPeopleAntibody","totalTestsPeopleAntigen","totalTestsPeopleViral","totalTestsPeopleViralIncrease","totalTestsViral","totalTestsViralIncrease"
20200903,"VA","A+",2652,2519,11,133,16525,16525,1130,92,,257,1500863,12714,,,,,123,330,123668,118190,1126,0,,,,,142173,15395,1619053,13763,1624531,13840,130036,,,,,0,,0
20200902,"VA","A+",2641,2508,29,133,16433,16433,1114,195,,266,1488149,11075,,,,,134,278,122542,117141,927,0,,,,,140932,15319,1605290,11922,1610691,12002,129100,,,,,0,,0
20200901,"VA","A+",2612,2479,32,133,16238,16238,1039,71,,258,1477074,11117,,,,,130,235,121615,116294,1021,0,,,,,140228,15199,1593368,12077,1598689,12138,124652,,,,,0,,0
20200831,"VA","A+",2580,2447,11,133,16167,16167,1082,78,,257,1465957,12277,,,,,146,318,120594,115334,847,0,,,,,139056,15085,1581291,13097,1586551,13124,124444,,,,,0,,0
20200830,"VA","A+",2569,2436,1,133,16089,16089,1090,31,,251,1453680,11816,,,,,132,313,119747,114514,938,0,,,,,137012,14999,1568194,12707,1573427,12754,123831,,,,,0,,0
20200829,"VA","A+",2568,2435,18,133,16058,16058,1101,91,,245,1441864,15020,,,,,131,310,118809,113623,1217,0,,,,,137012,14957,1555487,16197,1560673,16237,123127,,,,,0,,0
20200828,"VA","A+",2550,2417,35,133,15967,15967,1101,29,,261,1426844,34760,,,,,136,288,117592,112446,2134,0,,,,,135726,14866,1539290,36769,1544436,36894,122422,,,,,0,,0
20200827,"VA","A+",2515,2382,0,133,15938,15938,1174,86,,264,1392084,0,,,,,148,349,115458,110437,0,0,,,,,134326,14764,1502521,0,1507542,0,120887,,,,,0,,0
20200826,"VA","A+",2515,2382,21,133,15852,15852,1170,97,,265,1392084,6749,,,,,145,328,115458,110437,823,0,,,,,133061,14682,1502521,7507,1507542,7572,120887,,,,,0,,0
20200825,"VA","A+",2494,2370,23,124,15755,15755,1174,146,,273,1385335,14985,,,,,144,347,114635,109679,1005,0,,,,,132419,14581,1495014,15897,1499970,15990,120678,,,,,0,,0
20200824,"VA","A+",2471,2352,4,119,15609,15609,1127,11,,256,1370350,12429,,,,,134,307,113630,108767,664,0,,,,,131291,14482,1479117,13084,1483980,13093,120479,,,,,0,,0
20200823,"VA","A+",2467,2348,24,119,15598,15598,1155,91,,251,1357921,11518,,,,,130,309,112966,108112,894,0,,,,,130505,14443,1466033,12362,1470887,12412,119991,,,,,0,,0
20200822,"VA","A+",2443,2324,7,119,15507,15507,1154,25,,254,1346403,15302,,,,,125,291,112072,107268,1212,0,,,,,129523,14353,1453671,16393,1458475,16514,119311,,,,,0,,0
20200821,"VA","A+",2436,2319,9,117,15482,15482,1233,125,,263,1331101,18055,,,,,142,357,110860,106177,978,0,,,,,128248,14249,1437278,18943,1441961,19033,118473,,,,,0,,0
20200820,"VA","A+",2427,2310,17,117,15357,15357,1266,125,,276,1313046,15050,,,,,148,373,109882,105289,863,0,,,,,126909,14091,1418335,15864,1422928,15913,117596,,,,,0,,0
20200819,"VA","A+",2410,2293,14,117,15232,15232,1243,69,,280,1297996,15973,,,,,145,343,109019,104475,737,0,,,,,125862,13989,1402471,16639,1407015,16710,116765,,,,,0,,0
20200818,"VA","A+",2396,2278,11,118,15163,15163,1253,163,,300,1282023,16002,,,,,163,381,108282,103809,861,0,,,,,125049,13910,1385832,16795,1390305,16863,116212,,,,,0,,0
20200817,"VA","A+",2385,2268,4,117,15000,15000,1173,33,,281,1266021,18860,,,,,158,316,107421,103016,734,0,,,,,124287,13827,1369037,19577,1373442,19594,115715,,,,,0,,0
20200816,"VA","A+",2381,2266,0,115,14967,14967,1184,2,,283,1247161,15671,,,,,165,341,106687,102299,937,0,,,,,123419,13783,1349460,16522,1353848,16608,114668,,,,,0,,0
20200815,"VA","A+",2381,2265,11,116,14965,14965,1271,189,,279,1231490,16056,,,,,167,407,105750,101448,912,0,,,,,122373,13694,1332938,16901,1337240,16968,113984,,,,,0,,0
20200814,"VA","A+",2370,2255,7,115,14776,14776,1299,129,,268,1215434,12953,,,,,150,439,104838,100603,1216,0,,,,,121207,13477,1316037,14128,1320272,14169,113179,,,,,0,,0
20200813,"VA","A+",2363,2248,11,115,14647,14647,1258,119,,289,1202481,17446,,,,,141,390,103622,99428,1101,0,,,,,120124,13389,1301909,18500,1306103,18547,112540,,,,,0,,0
20200812,"VA","A+",2352,2238,8,114,14528,14528,1281,83,,290,1185035,15235,,,,,142,397,102521,98374,776,0,,,,,118778,13247,1283409,15897,1287556,16011,111414,,,,,0,,0
20200811,"VA","A+",2344,2232,17,112,14445,14445,1293,233,,280,1169800,9002,,,,,148,427,101745,97712,996,0,,,,,117747,13152,1267512,9907,1271545,9998,110946,,,,,0,,0
20200810,"VA","A+",2327,2215,1,112,14212,14212,1251,89,,279,1160798,16626,,,,,159,396,100749,96807,663,0,,,,,116969,12961,1257605,17266,1261547,17289,110790,,,,,0,,0
20200809,"VA","A+",2326,2214,4,112,14123,14123,1200,22,,260,1144172,20333,,,,,146,344,100086,96167,897,0,,,,,115992,12923,1240339,21174,1244258,21230,110147,,,,,0,,0
20200808,"VA","A+",2322,2211,5,111,14101,14101,1258,4,,271,1123839,12976,,,,,145,362,99189,95326,1307,0,,,,,115088,12843,1219165,14161,1223028,14283,109468,,,,,0,,0
20200807,"VA","A+",2317,2208,18,109,14097,14097,1372,113,,284,1110863,11803,,,,,159,475,97882,94141,2015,0,,,,,113903,12725,1205004,13700,1208745,13818,108689,,,,,0,,0
20200806,"VA","A+",2299,2191,25,108,13984,13984,1349,158,,284,1099060,14353,,,,,157,474,95867,92244,818,0,,,,,112844,12635,1191304,15124,1194927,15171,107953,,,,,0,,0
20200805,"VA","A+",2274,2164,30,110,13826,13826,1304,186,,283,1084707,10920,,,,,144,423,95049,91473,798,0,,,,,111669,12522,1176180,11665,1179756,11718,106956,,,,,0,,0
20200804,"VA","A+",2244,2134,26,110,13640,13640,1255,180,,282,1073787,11785,,,,,144,375,94251,90728,1145,0,,,,,110906,12385,1164515,12911,1168038,12930,106659,,,,,0,,0
20200803,"VA","A+",2218,2108,0,110,13460,13460,1205,180,,271,1062002,13758,,,,,151,322,93106,89602,1324,0,,,,,109903,12255,1151604,15036,1155108,15082,106443,,,,,0,,0
20200802,"VA","A+",2218,2108,3,110,13280,13280,1172,17,,267,1048244,11684,,,,,138,315,91782,88324,981,0,,,,,108778,12108,1136568,12641,1140026,12665,105769,,,,,0,,0
20200801,"VA","A+",2215,2105,41,110,13263,13263,1256,-8,,275,1036560,15701,,,,,150,352,90801,87367,913,0,,,,,107823,12007,1123927,16567,1127361,16614,105098,,,,,0,,0
20200731,"VA","A+",2174,2067,33,107,13271,13271,1334,186,,279,1020859,14790,,,,,145,449,89888,86501,984,0,,,,,106630,11937,1107360,15745,1110747,15774,104262,,,,,0,,0
20200730,"VA","A+",2141,2035,16,106,13085,13085,1357,85,,284,1006069,17306,,,,,147,492,88904,85546,911,0,,,,,105369,11728,1091615,18152,1094973,18217,103486,,,,,0,,0
20200729,"VA","A+",2125,2020,30,105,13000,13000,1350,156,,276,988763,16347,,,,,155,484,87993,84700,999,0,,,,,104037,11650,1073463,17315,1076756,17346,102351,,,,,0,,0
20200728,"VA","A+",2095,1991,13,104,12844,12844,1294,704,,261,972416,19277,,,,,153,436,86994,83732,922,0,,,,,101450,11550,1056148,20138,1059410,20199,101776,,,,,0,,0
20200727,"VA","A+",2082,1978,4,104,12140,12140,1200,84,,260,953139,9466,,,,,140,379,86072,82871,1505,0,,,,,101450,10940,1036010,10944,1039211,10971,101405,,,,,0,,0
20200726,"VA","A+",2078,1975,3,103,12056,12056,1174,55,,268,943673,16839,,,,,143,393,84567,81393,958,0,,,,,100785,10882,1025066,17752,1028240,17797,101186,,,,,0,,0
20200725,"VA","A+",2075,1972,8,103,12001,12001,1201,175,,266,926834,18899,,,,,138,416,83609,80480,1245,0,,,,,99636,10800,1007314,20126,1010443,20144,100381,,,,,0,,0
20200724,"VA","A+",2067,1964,13,103,11826,11826,1250,129,,274,907935,16972,,,,,142,451,82364,79253,1127,0,,,,,98175,10576,987188,18043,990299,18099,99052,,,,,0,,0
20200723,"VA","A+",2054,1951,3,103,11697,11697,1218,209,,257,890963,17169,,,,,136,417,81237,78182,844,0,,,,,96887,10479,969145,17971,972200,18013,97440,,,,,0,,0
20200722,"VA","A+",2051,1948,3,103,11488,11488,1157,64,,253,873794,13073,,,,,136,385,80393,77380,1022,0,,,,,94379,10331,951174,14026,954187,14095,95847,,,,,0,,0
20200721,"VA","A+",2048,1945,17,103,11424,11424,1189,159,,258,860721,18635,,,,,127,427,79371,76427,996,0,,,,,94379,10235,937148,19647,940092,19631,94828,,,,,0,,0
20200720,"VA","A+",2031,1927,4,104,11265,11265,1158,62,,265,842086,12153,,,,,125,415,78375,75415,945,0,,,,,93228,10107,917501,7498,920461,13098,94241,,,,,0,,0
20200719,"VA","A+",2027,1923,2,104,11203,11203,1186,61,,249,829933,16605,,,,,127,453,77430,74490,1057,0,,,,,92712,10017,910003,12739,907363,17662,93869,,,,,0,,0
20200718,"VA","A+",2025,1921,12,104,11142,11142,1166,88,,254,813328,12057,,,,,108,421,76373,73420,940,0,,,,,91652,9976,897264,16938,889701,12997,91892,,,,,0,,0
20200717,"VA","A+",2013,1909,6,104,11054,11054,1171,276,,247,801271,14529,,,,,118,470,75433,72516,1002,0,,,,,90256,9883,880326,12395,876704,15531,90435,,,,,0,,0
20200716,"VA","A+",2007,1903,15,104,10778,10778,1134,170,,248,786742,15287,,,,,118,444,74431,71570,904,0,,,,,89268,9644,867931,13565,861173,16191,88305,,,,,0,,0
20200715,"VA","A+",1992,1882,15,110,10608,10608,1081,58,,246,771455,13048,,,,,113,382,73527,70669,1084,0,,,,,88265,9527,854366,13864,844982,14132,86744,,,,,0,,0
20200714,"VA","A+",1977,1870,9,107,10550,10550,1127,91,,249,758407,16034,,,,,112,420,72443,69610,801,0,,,,,87237,9423,840502,14041,830850,16835,85278,,,,,0,,0
20200713,"VA","A+",1968,1861,2,107,10459,10459,1129,104,,243,742373,8998,,,,,105,466,71642,68814,972,0,,,,,86045,9330,826461,12538,814015,9970,84681,,,,,0,,0
20200712,"VA","A+",1966,1859,4,107,10355,10355,1045,64,,228,733375,16822,,,,,101,389,70670,67830,888,0,,,,,84998,9310,813923,16007,804045,17710,84299,,,,,0,,0
20200711,"VA","A+",1962,1857,4,105,10291,10291,1020,96,,230,716553,16759,,,,,97,365,69782,66963,851,0,,,,,83832,9271,797916,16539,786335,17610,82741,,,,,0,,0
20200710,"VA","A+",1958,1853,21,105,10195,10195,1006,174,,234,699794,14354,,,,,102,378,68931,66095,943,0,,,,,82679,9189,781377,13457,768725,15297,81023,,,,,0,,0
20200709,"VA","A+",1937,1832,32,105,10021,10021,956,39,,215,685440,14816,,,,,93,370,67988,65191,613,0,,,,,81692,9065,767920,16721,753428,15429,79162,,,,,0,,0
20200708,"VA","A+",1905,1799,24,106,9982,9982,971,167,,230,670624,9247,,,,,98,377,67375,64583,635,0,,,,,80487,9011,751199,12900,737999,9882,77155,,,,,0,,0
20200707,"VA","A+",1881,1775,28,106,9815,9815,902,223,,221,661377,12366,,,,,105,313,66740,63950,638,0,,,,,79499,8913,738299,10798,728117,13004,76855,,,,,0,,0
20200706,"VA","A+",1853,1747,0,106,9592,9592,783,16,,194,649011,5404,,,,,86,218,66102,63339,354,0,,,,,78870,8809,727501,9362,715113,5758,76515,,,,,0,,0
20200705,"VA","A+",1853,1746,4,107,9576,9576,792,27,,202,643607,9487,,,,,95,246,65748,62981,639,0,,,,,78124,8784,718139,10389,709355,10126,76396,,,,,0,,0
20200704,"VA","A+",1849,1745,4,104,9549,9549,808,20,,207,634120,10153,,,,,99,280,65109,62400,716,0,,,,,77536,8741,707750,11709,699229,10869,76035,,,,,0,,0
20200703,"VA","A+",1845,1741,29,104,9529,9529,818,145,,207,623967,13446,,,,,95,283,64393,61690,658,0,,,,,76798,8711,696041,11483,688360,14104,74372,,,,,0,,0
20200702,"VA","A+",1816,1712,30,104,9384,9384,888,361,,206,610521,15091,,,,,95,343,63735,61039,532,0,,,,,75964,8496,684558,12640,674256,15623,72920,,,,,0,,0
20200701,"VA","A+",1786,1681,23,105,9023,9023,892,41,,205,595430,13183,,,,,95,357,63203,60528,416,0,,,,,75141,8131,671918,16514,658633,13599,70194,,,,,0,,0
20200630,"VA","A+",1763,1658,23,105,8982,8982,902,159,,230,582247,8064,,,,,98,355,62787,60124,598,0,,,,,74344,8080,655404,9645,645034,8662,68722,,,,,0,,0
20200629,"VA","A+",1740,1635,8,105,8823,8823,796,0,,225,574183,7591,,,,,101,261,62189,59522,453,0,,,,,73788,8023,645759,9045,636372,8044,68405,,,,,0,,0
20200628,"VA","A+",1732,1628,8,104,8823,8823,818,36,,235,566592,9913,,,,,107,295,61736,59071,489,0,,,,,73198,8005,636714,10692,628328,10402,68067,,,,,0,,0
20200627,"VA","A+",1724,1620,24,104,8787,8787,819,65,,234,556679,10786,,,,,103,284,61247,58611,677,0,,,,,72567,7968,626022,10518,617926,11463,66791,,,,,0,,0
20200626,"VA","A+",1700,1596,25,104,8722,8722,854,50,,219,545893,12873,,,,,99,295,60570,57977,624,0,,,,,71867,7868,615504,11693,606463,13497,65491,,,,,0,,0
20200625,"VA","A+",1675,1572,14,103,8672,8672,854,21,,237,533020,15963,,,,,104,303,59946,57384,432,0,,,,,70986,7818,603811,11740,592966,16395,64096,,,,,0,,0
20200624,"VA","A+",1661,1559,16,102,8651,8651,886,79,,235,517057,7674,,,,,107,319,59514,56956,520,0,,,,,70203,7765,592071,10763,576571,8194,62083,,,,,0,,0
20200623,"VA","A+",1645,1542,25,103,8572,8572,847,61,,245,509383,9725,,,,,126,291,58994,56452,529,0,,,,,69593,7725,581308,8137,568377,10254,61413,,,,,0,,0
20200622,"VA","A+",1620,1517,9,103,8511,8511,848,2,,240,499658,11976,,,,,132,298,58465,55949,471,0,,,,,69143,7663,573171,8774,558123,12447,61200,,,,,0,,0
20200621,"VA","A+",1611,1508,4,103,8509,8509,863,22,,243,487682,13721,,,,,125,297,57994,55504,551,0,,,,,68672,7646,564397,14255,545676,14272,60730,,,,,0,,0
20200620,"VA","A+",1607,1504,5,103,8487,8487,880,62,,267,473961,18343,,,,,133,303,57443,54953,650,0,,,,,67975,7607,550142,8834,531404,18993,59738,,,,,0,,0
20200619,"VA","A+",1602,1499,16,103,8425,8425,862,75,,251,455618,9788,,,,,121,285,56793,54312,555,0,,,,,67410,7563,541308,9873,512411,10343,57232,,,,,0,,0
20200618,"VA","A+",1586,1482,3,104,8350,8350,857,-17,,241,445830,7264,,,,,129,259,56238,53769,463,0,,,,,66774,7493,531435,11335,502068,7727,55863,,,,,0,,0
20200617,"VA","A+",1583,1478,13,105,8367,8367,938,122,,249,438566,8459,,,,,120,313,55775,53318,444,0,,,,,66042,7429,520100,10219,494341,8903,54801,,,,,0,,0
20200616,"VA","A+",1570,1465,18,105,8245,8245,904,113,,241,430107,5994,,,,,125,257,55331,52917,445,0,,,,,65432,7341,509881,7489,485438,6439,53965,,,,,0,,0
20200615,"VA","A+",1552,1444,6,108,8132,8132,902,-4,,269,424113,9619,,,,,130,259,54886,52460,380,0,,,,,64951,7230,502392,8677,478999,9999,53859,,,,,0,,0
20200614,"VA","A+",1546,1438,5,108,8136,8136,958,46,,334,414494,8370,,,,,155,302,54506,52103,637,0,,,,,64446,7178,493715,9500,469000,9007,53185,,,,,0,,0
20200613,"VA","A+",1541,1435,7,106,8090,8090,959,62,,295,406124,8805,,,,,142,283,53869,51499,658,0,,,,,63856,7131,484215,10561,459993,9463,51763,,,,,0,,0
20200612,"VA","A+",1534,1426,14,108,8028,8028,1026,64,,297,397319,42569,,,,,143,363,53211,50853,564,0,,,,,63219,7002,473654,9966,450530,43133,50358,,,,,0,,0
20200611,"VA","A+",1520,1413,6,107,7964,7964,1069,-17,,273,354750,8563,,,,,138,358,52647,50275,470,0,,,,,62434,6895,463688,12100,407397,9033,48844,,,,,0,,0
20200610,"VA","A+",1514,1408,18,106,7981,7981,1155,135,,296,346187,7069,,,,,139,407,52177,49785,439,0,,,,,61618,6826,451588,10867,398364,7508,47514,,,,,0,,0
20200609,"VA","A+",1496,1391,19,105,7846,7846,1169,116,,311,339118,6777,,,,,155,383,51738,49362,487,0,,,,,60931,6677,440721,8054,390856,7264,47095,,,,,0,,0
20200608,"VA","A+",1477,1373,5,104,7730,7730,1173,6,,308,332341,3206,,,,,160,373,51251,48879,570,0,,,,,60282,6557,432667,8655,383592,3776,46962,,,,,0,,0
20200607,"VA","A+",1472,1369,12,103,7724,7724,1186,171,,316,329135,7401,,,,,165,385,50681,48349,1284,0,,,,,59668,6538,424012,9237,379816,8685,46832,,,,,0,,0
20200606,"VA","A+",1460,1357,7,103,7553,7553,1171,-44,,324,321734,6496,,,,,169,350,49397,47123,865,0,,,,,59020,6382,414775,9893,371131,7361,45526,,,,,0,,0
20200605,"VA","A+",1453,1350,8,103,7597,7597,1205,47,,320,315238,9504,,,,,161,374,48532,46281,676,0,,,,,58319,6392,404882,11931,363770,10180,44339,,,,,0,,0
20200604,"VA","A+",1445,1338,17,107,7550,7550,1266,74,,321,305734,10252,,,,,171,412,47856,45620,951,0,,,,,57368,6284,392951,11402,353590,11203,42712,,,,,0,,0
20200603,"VA","A+",1428,1322,21,106,7476,7476,1311,103,,313,295482,12832,,,,,185,435,46905,44715,666,0,,,,,56250,6165,381549,12268,342387,13498,41342,,,,,0,,0
20200602,"VA","A+",1407,1300,15,107,7373,7373,1362,47,,336,282650,3329,,,,,186,450,46239,44069,841,0,,,,,55298,6011,369281,7484,328889,4170,40419,,,,,0,,0
20200601,"VA","A+",1392,1282,17,110,7326,7326,1371,0,,347,279321,8537,,,,,188,419,45398,43247,791,0,,,,,54481,5899,361797,7958,324719,9328,39966,,,,,0,,0
20200531,"VA","A+",1375,1274,5,101,7326,7326,1458,110,,371,270784,8883,,,,,196,500,44607,42499,996,0,,,,,53898,5868,353839,9839,315391,9879,39424,,,,,0,,0
20200530,"VA","A+",1370,1269,12,101,7216,7216,1471,44,,372,261901,6057,,,,,194,481,43611,41529,1078,0,,,,,53077,5745,344000,11953,305512,7135,37426,,,,,0,,0
20200529,"VA","A+",1358,1258,20,100,7172,7172,1524,198,,373,255844,9964,,,,,193,525,42533,40477,1132,0,,,,,51711,5648,332047,12362,298377,11096,36009,,,,,0,,0
20200528,"VA","A+",1338,1236,57,102,6974,6974,1502,148,,416,245880,9082,,,,,195,476,41401,39393,1152,0,,,,,50205,5472,319685,11757,287281,10234,34327,,,,,0,,0
20200527,"VA","A+",1281,1202,45,79,6826,6826,1459,196,,390,236798,8959,,,,,203,444,40249,38276,907,0,,,,,48969,5367,307928,11501,277047,9866,33079,,,,,0,,0
20200526,"VA","A+",1236,1175,28,61,6630,6630,1403,109,,366,227839,6816,,,,,190,412,39342,37440,1615,0,,,,,47645,5227,296427,5226,267181,8431,32991,,,,,0,,0
20200525,"VA","A+",1208,1158,37,50,6521,6521,1376,68,,349,221023,13182,,,,,182,414,37727,35890,1483,0,,,,,47140,5145,291201,7585,258750,14665,30041,,,,,0,,0
20200524,"VA","A+",1171,1135,12,36,6453,6453,1351,22,,354,207841,11120,,,,,192,411,36244,34451,495,0,,,,,46256,5102,283616,7319,244085,11615,30041,,,,,0,,0
20200523,"VA","A+",1159,1123,23,36,6431,6431,1384,9,,330,196721,6496,,,,,213,409,35749,33962,799,0,,,,,45359,5047,276297,10630,232470,7295,27480,,,,,0,,0
20200522,"VA","A+",1136,1100,37,36,6422,6422,1459,153,,366,190225,5763,,,,,207,464,34950,33208,813,0,,,,,43902,4963,265667,8187,225175,6576,26507,,,,,0,,0
20200521,"VA","A+",1099,1064,25,35,6269,6269,1491,210,,351,184462,4744,,,,,191,490,34137,32428,1229,0,,,,,42676,4778,257480,11052,218599,5973,25067,,,,,0,,0
20200520,"VA","A+",1074,1040,33,34,6059,6059,1536,291,,370,179718,9074,,,,,202,518,32908,31247,763,0,,,,,41104,4523,246428,8154,212626,9837,24234,,,,,0,,0
20200519,"VA","A+",1041,1007,27,34,5768,5768,1497,159,,377,170644,5558,,,,,199,473,32145,30539,1005,0,,,,,39921,4271,238274,5640,202789,6563,23808,,,,,0,,0
20200518,"VA","A+",1014,980,5,34,5609,5609,1502,92,,361,165086,5113,,,,,194,530,31140,29591,752,0,,,,,39211,4107,232634,8508,196226,5865,23716,,,,,0,,0
20200517,"VA","A+",1009,975,7,34,5517,5517,1524,103,,379,159973,4088,,,,,195,527,30388,28901,705,0,,,,,38003,3993,224126,7805,190361,4793,21951,,,,,0,,0
20200516,"VA","A+",1002,968,25,34,5414,5414,1505,98,,381,155885,6543,,,,,189,485,29683,28233,1011,0,,,,,36922,3909,216321,7210,185568,7554,21131,,,,,0,,0
20200515,"VA","A+",977,944,22,33,5316,5316,1511,105,,362,149342,10325,,,,,195,458,28672,27293,859,0,,,,,35912,3805,209111,7952,178014,11184,19001,,,,,0,,0
20200514,"VA","A+",955,927,28,28,5211,5211,1533,131,,355,139017,4371,,,,,201,496,27813,26469,1067,0,,,,,34740,3678,201159,8735,166830,5438,,,,,,0,,0
20200513,"VA","A+",927,899,36,28,5080,5080,1526,151,,374,134646,5117,,,,,202,485,26746,25431,946,0,,,,,33434,3554,192424,6009,161392,6063,,,,,,0,,0
20200512,"VA","A+",891,864,41,27,4929,4929,1529,152,,364,129529,3982,,,,,201,447,25800,24601,730,0,,,,,32577,3400,186415,4204,155329,4712,,,,,,0,,0
20200511,"VA","A+",850,823,11,27,4777,4777,1504,21,,362,125547,6573,,,,,194,432,25070,23889,989,0,,,,,31982,3273,182211,5553,150617,7562,,,,,,0,,0
20200510,"VA","A+",839,813,12,26,4756,4756,1555,39,,351,118974,5021,,,,,187,506,24081,22962,885,0,,,,,31136,3201,176658,7117,143055,5906,,,,,,0,,0
20200509,"VA","A+",827,801,15,26,4717,4717,1593,95,,367,113953,6350,,,,,198,501,23196,22086,854,0,,,,,30016,3124,169541,8426,137149,7204,,,,,,0,,0
20200508,"VA","A+",812,787,43,25,4622,4622,1625,184,,378,107603,6021,,,,,199,549,22342,21274,772,0,,,,,28671,2997,161115,7282,129945,6793,,,,,,0,,0
20200507,"VA","A+",769,745,56,24,4438,4438,1613,325,,371,101582,8130,,,,,203,519,21570,20537,1314,0,,,,,27518,2825,153833,8712,123152,9444,,,,,,0,,0
20200506,"VA","A+",713,690,0,23,4113,4113,1496,0,,361,93452,0,,,,,189,469,20256,19357,0,0,,,,,26185,2617,145121,6185,113708,0,,,,,,0,,0
20200505,"VA","A+",713,690,29,23,4113,4113,1496,103,,361,93452,651,,,,,189,469,20256,19357,764,0,,,,,25079,2617,138936,3295,113708,1415,,,,,,0,,0
20200504,"VA","A+",684,662,24,22,4010,4010,1463,100,,348,92801,3470,,,,,192,478,19492,18640,821,0,,,,,24539,2547,135641,4821,112293,4291,,,,,,0,,0
20200503,"VA","B",660,644,44,16,3910,3910,1413,172,,385,89331,4966,,,,,193,465,18671,17873,940,0,,,,,23596,2497,130820,5852,108002,5906,,,,,,0,,0
20200502,"VA","B",616,607,35,9,3738,3738,1426,84,,375,84365,-5174,,,,,202,458,17731,16979,830,0,,,,,22637,2312,124968,6613,102096,-4344,,,,,,0,,0
20200501,"VA","B",581,572,29,9,3654,3654,1431,0,,366,89539,13876,,,,,193,468,16901,16109,1055,0,,,,,21476,2196,118355,5440,106440,14931,,,,,,0,,0
20200430,"VA","B",552,543,30,9,3654,3654,1550,46,,372,75663,4684,,,,,208,583,15846,15180,885,0,,,,,20578,2104,112915,6644,91509,5569,,,,,,0,,0
20200429,"VA","B",522,513,30,9,3608,3608,1566,186,,387,70979,2020,,,,,222,620,14961,14328,622,0,,,,,19344,2042,106271,4089,85940,2642,,,,,,0,,0
20200428,"VA","B",492,487,34,5,3422,3422,1508,124,,376,68959,1815,,,,,217,560,14339,13794,804,0,,,,,18567,1914,102182,3254,83298,2619,,,,,,0,,0
20200427,"VA","B",458,454,10,4,3298,3298,1455,1284,,389,67144,3514,,,,,217,542,13535,13036,565,0,,,,,17974,1843,98928,3742,80679,4079,,,,,,0,,0
20200426,"VA","B",448,444,12,4,2014,2014,1436,72,,387,63630,3354,,,,,217,539,12970,12488,604,0,,,,,17180,1815,95186,4061,76600,3958,,,,,,0,,0
20200425,"VA","B",436,432,26,4,1942,1942,1405,105,,357,60276,2430,,,,,223,1405,12366,11902,772,0,,,,,16409,1717,91125,3529,72642,3202,,,,,,0,,0
20200424,"VA","A",410,407,38,3,1837,1837,1399,84,,379,57846,3955,,,,,220,487,11594,11169,596,0,,,,,15704,1672,87596,4990,69440,4551,,,,,,0,,0
20200423,"VA","A",372,370,23,2,1753,1753,1379,94,,400,53891,3379,,,,,249,492,10998,10627,732,0,,,,,14835,1567,82606,4811,64889,4111,,,,,,0,,0
20200422,"VA","A",349,347,25,2,1659,1659,1374,78,,419,50512,1788,,,,,244,477,10266,9952,636,0,,,,,13940,1497,77795,2716,60778,2424,,,,,,0,,0
20200421,"VA","A",324,321,24,3,1581,1581,1331,81,,403,48724,979,,,,,251,477,9630,9451,640,0,,,,,13382,1418,75079,1974,58354,1619,,,,,,0,,0
20200420,"VA","A",300,,23,,1500,1500,1296,78,,396,47745,1549,,,,,237,468,8990,,453,0,,,,,12913,1324,73105,2439,56735,2002,,,,,,0,,0
20200419,"VA","A",277,,19,,1422,1422,1319,126,,388,46196,2318,,,,,231,499,8537,,484,0,,,,,12352,1267,70666,2706,54733,2802,,,,,,0,,0
20200418,"VA","A",258,,27,,1296,1296,1307,75,,398,43878,2372,,,,,230,486,8053,,562,0,,,,,11808,1228,67960,3305,51931,2934,,,,,,0,,0
20200417,"VA","A",231,,23,,1221,1221,1308,107,,400,41506,1951,,,,,224,499,7491,,602,0,,,,,11200,1110,64655,3271,48997,2553,,,,,,0,,0
20200416,"VA","A",208,,13,,1114,1114,1337,66,,427,39555,1886,,,,,238,537,6889,,389,0,,,,,10526,951,61384,3026,46444,2275,,,,,,0,,0
20200415,"VA","A",195,,41,,1048,1048,1298,1048,,394,37669,1077,,,,,234,496,6500,,329,0,,,,,9948,752,58358,2047,44169,1406,,,,,,0,,0
20200414,"VA","A",154,,5,,,,1282,0,,422,36592,938,,,,,276,469,6171,,424,0,,,,,9551,721,56311,1613,42763,1362,,,,,,0,,0
20200413,"VA","A",149,,8,,,,1238,0,,428,35654,943,,,,,302,473,5747,,473,0,,,,,9221,,54698,2142,41401,1416,,,,,,0,,0
20200412,"VA","A",141,,11,,,,751,0,,440,34711,1789,,,,,294,521,5274,,197,0,,,,,8813,,52556,2365,39985,1986,,,,,,0,,0
20200411,"VA","A",130,,9,,,,1252,-772,,426,32922,1972,,,,,283,517,5077,,568,0,,,,,8351,,50191,2799,37999,2540,,,,,,0,,0
20200410,"VA","A",121,,12,,772,772,1238,87,,457,30950,1966,,,,,287,521,4509,,467,0,,,,,7915,,47392,3372,35459,2433,,,,,,0,,0
20200409,"VA","A",109,,34,,685,685,669,70,,469,28984,1984,,,,,285,627,4042,,397,0,,,,,7378,,44020,2310,33026,2381,,,,,,0,,0
20200408,"VA","A",75,,12,,615,615,,52,145,,27000,1688,,,,108,,,3645,,312,0,,,,,6923,,41710,2391,30645,2000,,,,,,0,,0
20200407,"VA","A",63,,9,,563,563,,66,145,,25312,3669,,,,108,,,3333,,455,0,,,,,6533,,39319,2962,28645,4124,,,,,,0,,0
20200406,"VA","A",54,,3,,497,497,,66,145,,21643,609,,,,108,,,2878,,241,0,,,,,6122,,36357,3809,24521,850,,,,,,0,,0
20200405,"VA","A",51,,-1,,431,431,,41,145,,21034,1889,,,,108,,,2637,,230,0,,,,,5637,,32548,2193,23671,2119,,,,,,0,,0
20200404,"VA","A",52,,6,,390,390,,78,145,,19145,2152,,,,108,,,2407,,395,0,,,,,5230,,30355,2709,21552,2547,,,,,,0,,0
20200403,"VA","A",46,,5,,312,312,,7,145,,16993,1110,,,,108,,,2012,,306,0,,,,,4880,,27646,1964,19005,1416,,,,,,0,,0
20200402,"VA","A",41,,7,,305,305,246,0,145,,15883,2023,,,,108,,,1706,,222,0,,,,,4550,,25682,2392,17589,2245,,,,,,0,,0
20200401,"VA","A",34,,7,,305,305,,140,145,,13860,1709,,,,108,,,1484,,234,0,,,,,4191,,23290,1897,15344,1943,,,,,,0,,0
20200331,"VA","A",27,,2,,165,165,,29,,,12151,1133,,,,,,,1250,,230,0,,,,,3847,,21393,1685,13401,1363,,,,,,0,,0
20200330,"VA","A",25,,3,,136,136,,24,,,11018,1299,,,,,,,1020,,130,0,,,,,3613,,19708,1386,12038,1429,,,,,,0,,0
20200329,"VA","A",22,,5,,112,112,,13,,,9719,1292,,,,,,,890,,151,0,,,,,3403,,18322,1598,10609,1443,,,,,,0,,0
20200328,"VA","A",17,,3,,99,99,,16,,,8427,1694,,,,,,,739,,135,0,,,,,3214,,16724,1946,9166,1829,,,,,,0,,0
20200327,"VA","A",14,,1,,83,83,,18,,,6733,1004,,,,,,,604,,144,0,,,,,2967,,14778,1404,7337,1148,,,,,,0,,0
20200326,"VA","A",13,,4,,65,65,,6,,,5729,750,,,,,,,460,,69,0,,,,,2777,,13374,1097,6189,819,,,,,,0,,0
20200325,"VA","A",9,,2,,59,59,,14,,,4979,799,,,,,,,391,,101,0,,,,,2630,,12277,1074,5370,900,,,,,,0,,0
20200324,"VA","A",7,,1,,45,45,,7,,,4180,737,,,,,,,290,,36,0,,,,,2494,,11203,810,4470,773,,,,,,0,,0
20200323,"VA","A",6,,3,,38,38,,6,,,3443,325,,,,,,,254,,35,0,,,,,2405,,10393,498,3697,360,,,,,,0,,0
20200322,"VA","",3,,1,,32,32,,7,,,3118,480,,,,,,,219,,67,0,,,,,2375,,9895,907,3337,547,,,,,,0,,0
20200321,"VA","",2,,0,,25,25,,25,,,2638,427,,,,,,,152,,38,0,,,,,2302,,8988,595,2790,465,,,,,,0,,0
20200320,"VA","",2,,0,,,,,0,,,2211,382,,,,,,,114,,20,0,,,,,2253,,8393,593,2325,402,,,,,,0,,0
20200319,"VA","",2,,1,,,,,0,,,1829,628,,,,,,,94,,17,0,,,,,2161,,7800,424,1923,645,,,,,,0,,0
20200318,"VA","",1,,0,,,,,0,,,1201,240,,,,,,,77,,10,0,,,,,2142,,7376,224,1278,250,,,,,,0,,0
20200317,"VA","",1,,0,,,,,0,,,961,523,,,,,,,67,,16,0,,,,,2119,,7152,325,1028,539,,,,,,0,,0
20200316,"VA","",1,,0,,,,,0,,,438,75,,,,,,,51,,6,0,,,,,2107,,6827,88,489,81,,,,,,0,,0
20200315,"VA","",1,,1,,,,,0,,,363,246,,,,,,,45,,15,0,,,,,2100,,6739,59,408,261,,,,,,0,,0
20200314,"VA","",,,0,,,,,0,,,117,0,,,,,,,30,,0,0,,,,,2098,,6680,79,147,0,,,,,,0,,0
20200313,"VA","",,,0,,,,,0,,,117,0,,,,,,,30,,13,0,,,,,2095,,6601,85,147,13,,,,,,0,,0
20200312,"VA","",,,0,,,,,0,,,117,57,,,,,,,17,,8,0,,,,,2094,,6516,32,134,65,,,,,,0,,0
20200311,"VA","",,,0,,,,,0,,,60,7,,,,,,,9,,1,0,,,,,2092,,6484,11,69,8,,,,,,0,,0
20200310,"VA","",,,0,,,,,0,,,53,15,,,,,,,8,,5,0,,,,,2092,,6473,10,61,20,,,,,,0,,0
20200309,"VA","",,,0,,,,,0,,,38,2,,,,,,9,3,,1,0,,,,,2092,,6463,1,41,3,,,,,,0,,0
20200308,"VA","",,,0,,,,,0,,,36,5,,,,,,6,2,,2,0,,,,,2092,,6462,5,38,7,,,,,,0,,0
20200307,"VA","",,,0,,,,,0,,,31,10,,,,,,7,0,,0,0,,,,,2092,,6457,2,31,10,,,,,,0,,0
20200306,"VA","",,,0,,,,,0,,,21,3,,,,,,10,0,,0,0,,,,,2091,,6455,2,21,3,,,,,,0,,0
20200305,"VA","",,,0,,,,,0,,,18,18,,,,,,3,0,,0,0,,,,,2091,,6453,1,18,18,,,,,,0,,0
20200304,"VA","",,,0,,,,,0,,,,0,,,,,,,,,0,0,,,,,2090,,6452,1,0,0,,,,,,0,,0
20200303,"VA","",,,0,,,,,0,,,,0,,,,,,,,,0,0,,,,,2090,,6451,1,0,0,,,,,,0,,0
20200302,"VA","",,,0,,,,,0,,,,0,,,,,,,,,0,0,,,,,2090,,6450,1,0,0,,,,,,0,,0
20200301,"VA","",,,0,,,,,0,,,,0,,,,,,,,,0,0,,,,,2090,,6449,2,0,0,,,,,,0,,0
20200229,"VA","",,,0,,,,,0,,,,0,,,,,,,,,0,0,,,,,2090,,6447,2,0,0,,,,,,0,,0
20200228,"VA","",,,0,,,,,0,,,,0,,,,,,,,,0,0,,,,,2090,,6445,0,0,0,,,,,,0,,0
20200227,"VA","",,,0,,,,,0,,,,0,,,,,,,,,0,0,,,,,,,6445,6445,0,0,,,,,,0,,0